Yvor Rivel,19710762,71928770,6454f1d5-916c-4d58-bdb5-bd9becfbbed1
Herculie Pitcher,59998367,49257220,6454f1d5-916c-4d58-bdb5-bd9becfbbed1
Neville Blasl,63642876,06229217,6454f1d5-916c-4d58-bdb5-bd9becfbbed1
Andrea Lodemann,84934198,48878241,6454f1d5-916c-4d58-bdb5-bd9becfbbed1
Sarina Cobbold,05387044,25447055,6454f1d5-916c-4d58-bdb5-bd9becfbbed1
Flynn Haley,46503583,45035102,6454f1d5-916c-4d58-bdb5-bd9becfbbed1
Vittoria Charte,16280498,90425879,6454f1d5-916c-4d58-bdb5-bd9becfbbed1
Alicea Reppaport,35908173,72821355,6454f1d5-916c-4d58-bdb5-bd9becfbbed1
Lennie Peck,64719714,17648525,6454f1d5-916c-4d58-bdb5-bd9becfbbed1
Ced Hargie,75297984,46783553,6454f1d5-916c-4d58-bdb5-bd9becfbbed1
Carly Maxworthy,73890361,85674332,6454f1d5-916c-4d58-bdb5-bd9becfbbed1
Bordie Dunabie,56416795,51612339,6454f1d5-916c-4d58-bdb5-bd9becfbbed1
Kizzie Bessey,96232687,76127469,6454f1d5-916c-4d58-bdb5-bd9becfbbed1
Meyer Pailin,62134056,84660922,6454f1d5-916c-4d58-bdb5-bd9becfbbed1
Tabitha Stichall,68992502,89358728,6454f1d5-916c-4d58-bdb5-bd9becfbbed1
Carley Addis,15136646,11665167,6454f1d5-916c-4d58-bdb5-bd9becfbbed1
Davina Tewnion,14992692,68038738,6454f1d5-916c-4d58-bdb5-bd9becfbbed1
Dorelia Strange,09995908,01171067,6454f1d5-916c-4d58-bdb5-bd9becfbbed1
Alvin Taillard,42457091,10567050,6454f1d5-916c-4d58-bdb5-bd9becfbbed1
Becca Goldthorp,35625190,01275632,6454f1d5-916c-4d58-bdb5-bd9becfbbed1
Melanie Cron,79203898,46413885,6454f1d5-916c-4d58-bdb5-bd9becfbbed1
Joana Carabine,50200303,33278584,6454f1d5-916c-4d58-bdb5-bd9becfbbed1
Catie Cathrall,36648692,72272024,6454f1d5-916c-4d58-bdb5-bd9becfbbed1
Aube Shevlan,32065334,91090963,6454f1d5-916c-4d58-bdb5-bd9becfbbed1
Ragnar Lamputt,27466656,89691992,6454f1d5-916c-4d58-bdb5-bd9becfbbed1
Jere McCrudden,96390316,99396000,6454f1d5-916c-4d58-bdb5-bd9becfbbed1
Carney Morsey,89440792,69370004,6454f1d5-916c-4d58-bdb5-bd9becfbbed1
Sile Balazot,67366378,68693890,6454f1d5-916c-4d58-bdb5-bd9becfbbed1
Agnella Davidovics,42420140,64289276,6454f1d5-916c-4d58-bdb5-bd9becfbbed1
Welch Brickham,99290057,98136815,6454f1d5-916c-4d58-bdb5-bd9becfbbed1
Kristina Petersen,10011200,56783605,6454f1d5-916c-4d58-bdb5-bd9becfbbed1
Corinne Quickenden,67950581,94633480,6454f1d5-916c-4d58-bdb5-bd9becfbbed1
Seka Dawks,21970822,83698572,6454f1d5-916c-4d58-bdb5-bd9becfbbed1
Rora Kelleway,98798790,71465617,6454f1d5-916c-4d58-bdb5-bd9becfbbed1
Gracia Stilgoe,96033867,15702095,6454f1d5-916c-4d58-bdb5-bd9becfbbed1
Hube Queyeiro,90988281,80319705,6454f1d5-916c-4d58-bdb5-bd9becfbbed1
Paola Hollows,93112712,04439009,6454f1d5-916c-4d58-bdb5-bd9becfbbed1
Melloney Prestwich,93560615,76347505,6454f1d5-916c-4d58-bdb5-bd9becfbbed1
Lesly Quail,76931126,85621761,6454f1d5-916c-4d58-bdb5-bd9becfbbed1
Paolo Point,28195989,99956684,6454f1d5-916c-4d58-bdb5-bd9becfbbed1
Adriane Dick,45449847,40799677,6454f1d5-916c-4d58-bdb5-bd9becfbbed1
Natty Johanning,80959490,24898927,6454f1d5-916c-4d58-bdb5-bd9becfbbed1
Darn Reichardt,80999615,22309364,6454f1d5-916c-4d58-bdb5-bd9becfbbed1
Ariel Flewin,47714773,94247251,6454f1d5-916c-4d58-bdb5-bd9becfbbed1
Janenna Grcic,44568327,51821530,6454f1d5-916c-4d58-bdb5-bd9becfbbed1
Royal Franks,64909946,29174940,6454f1d5-916c-4d58-bdb5-bd9becfbbed1
Glyn Gierok,67733704,49138319,6454f1d5-916c-4d58-bdb5-bd9becfbbed1
Xylia Penning,78253921,85588075,6454f1d5-916c-4d58-bdb5-bd9becfbbed1
Lorianna Maleby,43249004,81570955,6454f1d5-916c-4d58-bdb5-bd9becfbbed1
Lavinie Sawell,74399726,96513979,6454f1d5-916c-4d58-bdb5-bd9becfbbed1
